,plain,rag + web
2024-11-26 21:06:26,[],[]
2024-11-26 21:06:35,[],[]
2024-11-26 21:06:46,[],[]
2024-11-26 21:09:45,[],"要識別可疑物品，可以考慮以下因素：

1. 物件外觀是否正常？例如，是否有電線外露、包裝上有粉末、異常包裝包括用大量膠紙或錫紙繁複包裹等。
   
2. 物品於出現地點是否合理？例如，一個壓力煲在行人路或公園內出現是否有合理解釋。
   
3. 能否確定物主？例如，是否有報失記錄、掛有能辨認物主的名牌、標籤等。

如果無法確定以上任何一條問題的答案或存有懷疑，應該將該物品視作可疑物品。"
2024-11-26 21:09:55,[],"要辨識可疑人物，可以注意以下一些特徵：

1. 刻意靠近重要人士，且堅持親交不明物品。
2. 面露驚慌、言語支吾、偽裝鎮靜。
3. 表現詭異、催促檢查或態度蠻橫、不願接受檢查。
4. 偽稱熟人、無端獻般勤。
5. 打探警衛輪班時間或監視器拍攝角度、內容者。
6. 身分不明，持用數張不同身分證件，攜行物品不符其身分及行動目的。
7. 持有重要人士行程、藍圖、低生疏散計畫、密碼等資料。
8. 刻意喬裝，著裝明顯不符其身分或季節。
9. 衣服異常突起或特別寬鬆。
10. 無故豆留敏感地區，頻繁出入管制區域、廁所、公用電話亭，窺視犯罪現場、客機坪、警衛輪足情形，對水電系統及政府機關記錄(繪圖、攝錄影、獸記)。
11. 不斷造訪同一個重要地標並對它攝(錄)影。
12. 用步伐數來計算各個出入口、警衛崗嘴、監視攝影器之間的距離。
13. 無故棄置攜帶物品潛抵。

這些特徵可能有助於識別可能的可疑人物。"
2024-11-26 21:10:07,[],根據提供的資訊，太陽的顏色實際上是白色的。太陽發出的光是由所有可見光頻率的合成物組成，因此在我們看來太陽是白色的。在日出和日落時，由於大氣層的散射作用，太陽可能呈現紅色、橙色或黃色。然而，當從太空觀察太陽時，它看起來完全是白色的，因為太陽發出的光不會被地球大氣層散射。
